station_id,n_events,mean_severity,pool_gap,min_duration
9002,173,6.000498843930635,0,3
9003,152,6.149029605263158,0,3
9004,186,5.164493548387097,0,3
9005,182,5.0369763736263735,0,3
9011,191,5.217373298429319,0,3
9013,245,3.0379893877551023,0,3
9018,222,4.036386036036036,0,3
9020,186,4.491356989247311,0,3
9021,201,4.64655223880597,0,3
9025,162,5.301437037037037,0,3
9027,155,5.687855483870968,0,3
9036,168,6.233581547619048,0,3
9038,112,9.347918750000002,0,3
9040,164,5.577887804878049,0,3
9044,105,9.20134,0,3
9048,126,8.121148412698412,0,3
9050,101,10.461559405940594,0,3
9063,181,5.284901104972375,0,3
9064,201,4.683466169154229,0,3
9065,167,6.148578443113772,0,3
9074,137,5.6921379562043795,0,3
9078,137,7.2721145985401465,0,3
9079,152,6.759961842105263,0,3
9093,88,11.4463625,0,3
9096,119,5.901196638655462,0,3
9097,83,11.166613253012049,0,3
9101,78,12.96155,0,3
9118,127,8.409029921259842,0,3
9120,146,7.324073972602739,0,3
9124,190,13.311491578947368,0,3
9126,180,5.369255555555555,0,3
9142,176,5.078930681818182,0,3
9150,162,6.3076993827160495,0,3
9002,133,7.558794736842105,0,5
9003,106,8.525267924528302,0,5
9004,145,6.370555862068965,0,5
9005,124,6.951058064516129,0,5
9011,132,7.247656818181818,0,5
9013,115,4.696933913043478,0,5
9018,130,6.150323846153846,0,5
9020,130,6.1411215384615385,0,5
9021,142,6.1565612676056345,0,5
9025,85,9.211063529411765,0,5
9027,85,9.499805882352941,0,5
9036,128,7.838709375,0,5
9038,86,11.995803488372093,0,5
9040,122,7.17463524590164,0,5
9044,89,10.797232584269663,0,5
9048,104,9.718685576923077,0,5
9050,73,14.254019178082192,0,5
9063,144,6.514406944444445,0,5
9064,144,6.31791736111111,0,5
9065,119,8.322299159663865,0,5
9074,94,7.9763,0,5
9078,100,9.748514,0,5
9079,116,8.648693965517241,0,5
9093,71,14.142352112676056,0,5
9096,80,8.35322,0,5
9097,57,15.912115789473683,0,5
9101,53,18.758771698113208,0,5
9118,96,10.653571874999999,0,5
9120,106,9.855222641509435,0,5
9124,164,15.116803658536586,0,5
9126,123,7.466962601626016,0,5
9142,127,6.774968503937008,0,5
9150,138,7.251303623188406,0,5
9002,96,9.958851041666668,0,7
9003,86,10.22086511627907,0,7
9004,100,8.597828,0,7
9005,95,8.617675789473685,0,7
9011,100,9.123928,0,7
9013,51,6.79038431372549,0,7
9018,76,9.042168421052631,0,7
9020,97,7.5698061855670105,0,7
9021,105,7.657739047619048,0,7
9025,64,11.7151140625,0,7
9027,61,12.599257377049181,0,7
9036,96,9.812527083333334,0,7
9038,68,14.988695588235295,0,7
9040,99,8.491332323232323,0,7
9044,75,12.688432,0,7
9048,76,12.99743947368421,0,7
9050,59,17.39284406779661,0,7
9063,106,8.391582075471698,0,7
9064,106,8.080716981132076,0,7
9065,89,10.67944382022472,0,7
9074,67,10.660601492537314,0,7
9078,82,11.648532926829269,0,7
9079,97,10.028125773195876,0,7
9093,63,15.828377777777778,0,7
9096,55,11.402483636363637,0,7
9097,43,20.55398139534884,0,7
9101,42,23.465290476190475,0,7
9118,82,12.230579268292683,0,7
9120,83,12.258736144578313,0,7
9124,128,17.8951796875,0,7
9126,85,9.922376470588237,0,7
9142,95,8.635332631578947,0,7
9150,112,8.582516964285714,0,7
9002,68,12.88713088235294,0,10
9003,68,12.395388235294117,0,10
9004,73,10.767328767123287,0,10
9005,68,10.845645588235294,0,10
9011,68,12.127827941176472,0,10
9013,23,9.620173913043478,0,10
9018,47,12.106408510638298,0,10
9020,69,9.650846376811595,0,10
9021,67,10.495971641791044,0,10
9025,42,16.58770476190476,0,10
9027,45,16.107055555555554,0,10
9036,68,12.359286764705883,0,10
9038,54,18.547131481481482,0,10
9040,70,11.008541428571428,0,10
9044,55,16.700045454545457,0,10
9048,63,15.39572380952381,0,10
9050,45,22.104024444444445,0,10
9063,74,10.698617567567569,0,10
9064,66,11.466260606060606,0,10
9065,66,13.403587878787878,0,10
9074,54,12.523892592592594,0,10
9078,60,15.147383333333332,0,10
9079,71,12.932608450704224,0,10
9093,51,19.213023529411764,0,10
9096,39,15.13192564102564,0,10
9097,34,24.73825,0,10
9101,31,31.28025806451613,0,10
9118,64,15.033878125,0,10
9120,66,14.588810606060605,0,10
9124,94,20.73605425531915,0,10
9126,58,13.385112068965517,0,10
9142,72,10.511669444444443,0,10
9150,84,10.598538095238094,0,10
9002,125,8.3529416,5,3
9003,104,9.092369230769231,5,3
9004,140,6.991902142857143,5,3
9005,117,7.9922008547008545,5,3
9011,136,7.389652941176471,5,3
9013,211,4.736190521327014,5,3
9018,168,5.672769642857143,5,3
9020,120,7.086369166666667,5,3
9021,135,7.072974814814814,5,3
9025,129,7.528422480620155,5,3
9027,116,8.052063793103448,5,3
9036,139,7.638572661870504,5,3
9038,77,13.667480519480518,5,3
9040,123,7.531448780487805,5,3
9044,80,12.0986175,5,3
9048,77,13.342551948051948,5,3
9050,77,13.8001987012987,5,3
9063,117,8.23771282051282,5,3
9064,144,6.584393055555555,5,3
9065,119,8.752102521008403,5,3
9074,116,7.032386206896552,5,3
9078,99,10.123875757575757,5,3
9079,109,9.496711926605505,5,3
9093,58,17.387379310344826,5,3
9096,84,8.667059523809524,5,3
9097,69,13.474349275362318,5,3
9101,54,18.787146296296296,5,3
9118,101,10.743113861386139,5,3
9120,102,10.654984313725489,5,3
9124,116,24.884030172413794,5,3
9126,134,7.32589776119403,5,3
9142,113,8.008701769911504,5,3
9150,91,11.329664835164836,5,3
9002,106,9.718296226415095,5,5
9003,91,10.33473846153846,5,5
9004,120,8.0083425,5,5
9005,96,9.568852083333333,5,5
9011,116,8.498483620689656,5,5
9013,177,5.435002824858757,5,5
9018,133,6.938021052631579,5,5
9020,98,8.57634081632653,5,5
9021,115,8.168778260869566,5,5
9025,113,8.477553982300885,5,5
9027,100,9.224393,5,5
9036,120,8.621,5,5
9038,69,15.146327536231885,5,5
9040,104,8.798517307692308,5,5
9044,72,13.412759722222223,5,5
9048,63,16.218476190476192,5,5
9050,65,16.27938307692308,5,5
9063,100,9.567822999999999,5,5
9064,115,8.135586086956522,5,5
9065,98,10.499271428571427,5,5
9074,98,8.205041836734694,5,5
9078,81,12.30707037037037,5,5
9079,91,11.252791208791209,5,5
9093,56,18.004026785714284,5,5
9096,72,9.968819444444444,5,5
9097,54,16.985214814814814,5,5
9101,42,24.023130952380956,5,5
9118,80,13.3461325,5,5
9120,86,12.540508139534884,5,5
9124,108,26.613752777777776,5,5
9126,106,9.022329245283018,5,5
9142,97,9.21578969072165,5,5
9150,84,12.216780952380951,5,5
9002,92,11.08974347826087,5,7
9003,83,11.283881927710842,5,7
9004,95,9.75544,5,7
9005,80,11.36298875,5,7
9011,103,9.413315533980583,5,7
9013,150,6.135845333333333,5,7
9018,104,8.41154326923077,5,7
9020,80,10.1149,5,7
9021,97,9.44500206185567,5,7
9025,95,9.849388421052632,5,7
9027,88,10.3658125,5,7
9036,93,10.679129032258064,5,7
9038,60,17.325965,5,7
9040,89,10.143396629213482,5,7
9044,66,14.582495454545455,5,7
9048,57,17.85150701754386,5,7
9050,55,19.137454545454545,5,7
9063,81,11.526546913580248,5,7
9064,97,9.438150515463917,5,7
9065,86,11.843395348837209,5,7
9074,83,9.530721686746988,5,7
9078,72,13.685973611111113,5,7
9079,84,12.145213095238095,5,7
9093,48,20.892558333333334,5,7
9096,64,11.1404921875,5,7
9097,45,20.12744888888889,5,7
9101,33,30.34007575757576,5,7
9118,73,14.447808219178082,5,7
9120,71,14.961004225352111,5,7
9124,100,28.425891999999997,5,7
9126,85,10.63838588235294,5,7
9142,84,10.465296428571428,5,7
9150,78,13.013666666666667,5,7
9002,74,13.269363513513515,5,10
9003,66,14.008093939393941,5,10
9004,77,11.554376623376623,5,10
9005,62,14.314440322580646,5,10
9011,80,11.605946249999999,5,10
9013,91,8.682614285714285,5,10
9018,82,9.986068292682928,5,10
9020,67,11.859046268656718,5,10
9021,78,11.31948717948718,5,10
9025,79,11.559345569620254,5,10
9027,63,13.959392063492063,5,10
9036,67,13.896776119402984,5,10
9038,52,19.835069230769232,5,10
9040,70,12.308277142857143,5,10
9044,54,17.47037037037037,5,10
9048,50,20.264616,5,10
9050,42,24.61847142857143,5,10
9063,70,12.95323,5,10
9064,74,11.786505405405405,5,10
9065,67,14.676198507462686,5,10
9074,67,11.595285074626865,5,10
9078,60,16.175353333333334,5,10
9079,65,15.322264615384615,5,10
9093,41,24.294080487804877,5,10
9096,48,14.375033333333333,5,10
9097,36,24.187527777777778,5,10
9101,29,34.49458965517242,5,10
9118,59,17.383469491525425,5,10
9120,60,17.230313333333335,5,10
9124,84,33.313455952380956,5,10
9126,64,13.2831578125,5,10
9142,70,12.22117,5,10
9150,67,14.74080895522388,5,10
9002,109,9.590600917431194,7,3
9003,90,10.53589888888889,7,3
9004,128,7.65495234375,7,3
9005,104,8.998989423076923,7,3
9011,126,7.9808650793650795,7,3
9013,179,5.753211731843575,7,3
9018,156,6.127319871794872,7,3
9020,113,7.542080530973451,7,3
9021,123,7.764571544715447,7,3
9025,109,9.035061467889907,7,3
9027,105,8.967150476190476,7,3
9036,129,8.243452713178295,7,3
9038,68,15.47944705882353,7,3
9040,118,7.860080508474576,7,3
9044,80,12.09952625,7,3
9048,71,14.4733,7,3
9050,73,14.563302739726028,7,3
9063,102,9.451171568627451,7,3
9064,129,7.357250387596899,7,3
9065,110,9.480989999999998,7,3
9074,112,7.325641071428572,7,3
9078,95,10.550752631578948,7,3
9079,101,10.259785148514851,7,3
9093,54,18.68001111111111,7,3
9096,71,10.338459154929577,7,3
9097,68,13.673027941176471,7,3
9101,50,20.299184,7,3
9118,96,11.342139583333333,7,3
9120,91,11.943285714285715,7,3
9124,98,29.459518367346938,7,3
9126,119,8.25343193277311,7,3
9142,101,8.972189108910891,7,3
9150,83,12.427667469879518,7,3
9002,94,11.018696808510638,7,5
9003,81,11.649162962962961,7,5
9004,110,8.762177272727273,7,5
9005,88,10.495213636363637,7,5
9011,111,8.91233963963964,7,5
9013,158,6.374003797468354,7,5
9018,129,7.230444186046512,7,5
9020,95,8.876777894736842,7,5
9021,104,9.042455769230768,7,5
9025,99,9.843619191919192,7,5
9027,91,10.23298021978022,7,5
9036,111,9.344059459459459,7,5
9038,61,17.138004918032788,7,5
9040,101,9.080649504950495,7,5
9044,72,13.413769444444446,7,5
9048,61,16.772629508196722,7,5
9050,63,16.8303746031746,7,5
9063,87,11.01123448275862,7,5
9064,104,9.030886538461539,7,5
9065,91,11.353403296703297,7,5
9074,95,8.522554736842105,7,5
9078,78,12.783108974358974,7,5
9079,86,11.929747674418605,7,5
9093,52,19.393809615384615,7,5
9096,65,11.175664615384616,7,5
9097,53,17.30636603773585,7,5
9101,39,25.889107692307693,7,5
9118,76,14.123001315789473,7,5
9120,76,14.20143552631579,7,5
9124,90,31.941895555555554,7,5
9126,97,9.919849484536083,7,5
9142,91,9.905641758241758,7,5
9150,76,13.509296052631578,7,5
9002,83,12.392054216867471,7,7
9003,76,12.386632894736842,7,7
9004,91,10.310268131868133,7,7
9005,74,12.394909459459459,7,7
9011,99,9.836263636363636,7,7
9013,142,6.901328169014085,7,7
9018,103,8.607188349514562,7,7
9020,80,10.1969975,7,7
9021,89,10.33311797752809,7,7
9025,86,11.128243023255814,7,7
9027,85,10.864811764705882,7,7
9036,86,11.60366046511628,7,7
9038,55,18.948296363636366,7,7
9040,86,10.521652325581396,7,7
9044,66,14.58359696969697,7,7
9048,55,18.525496363636364,7,7
9050,56,18.854496428571426,7,7
9063,74,12.744805405405405,7,7
9064,93,10.014177419354839,7,7
9065,81,12.652575308641975,7,7
9074,83,9.658057831325301,7,7
9078,69,14.284056521739132,7,7
9079,80,12.78285,7,7
9093,44,22.797622727272724,7,7
9096,61,11.865142622950819,7,7
9097,44,20.585704545454544,7,7
9101,31,32.325416129032256,7,7
9118,70,15.170874285714286,7,7
9120,64,16.63723125,7,7
9124,84,33.901938095238094,7,7
9126,80,11.4823175,7,7
9142,79,11.315291139240507,7,7
9150,71,14.329057746478874,7,7
9002,70,14.304042857142857,7,10
9003,66,14.15243181818182,7,10
9004,74,12.258552702702703,7,10
9005,60,14.99148,7,10
9011,79,11.88003670886076,7,10
9013,105,8.56731142857143,7,10
9018,85,9.993376470588235,7,10
9020,68,11.795626470588235,7,10
9021,72,12.358370833333332,7,10
9025,77,12.261154545454547,7,10
9027,66,13.648166666666667,7,10
9036,64,14.7300859375,7,10
9038,49,21.1318306122449,7,10
9040,69,12.652510144927536,7,10
9044,54,17.471716666666666,7,10
9048,50,20.324786,7,10
9050,46,22.635321739130433,7,10
9063,65,14.258713846153848,7,10
9064,74,12.057121621621622,7,10
9065,67,14.888691044776118,7,10
9074,67,11.760897014925373,7,10
9078,59,16.47702372881356,7,10
9079,63,15.870028571428572,7,10
9093,39,25.6252,7,10
9096,49,14.352704081632654,7,10
9097,37,23.628005405405403,7,10
9101,28,35.76795357142857,7,10
9118,57,18.133471929824562,7,10
9120,56,18.837178571428574,7,10
9124,78,36.22932692307692,7,10
9126,62,14.055651612903224,7,10
9142,68,12.81452794117647,7,10
9150,65,15.50923076923077,7,10
9002,96,10.903628125,10,3
9003,83,11.425740963855421,10,3
9004,124,7.934631451612904,10,3
9005,89,10.537029213483146,10,3
9011,107,9.39931214953271,10,3
9013,152,6.8014302631578945,10,3
9018,134,7.14355671641791,10,3
9020,110,7.750972727272727,10,3
9021,111,8.608831531531532,10,3
9025,91,10.875041758241757,10,3
9027,98,9.623788775510205,10,3
9036,106,10.032174528301887,10,3
9038,58,18.15106724137931,10,3
9040,107,8.675468224299065,10,3
9044,75,12.906322666666666,10,3
9048,66,15.57197878787879,10,3
9050,71,14.973536619718312,10,3
9063,96,10.043739583333332,10,3
9064,111,8.552727927927927,10,3
9065,100,10.455061,10,3
9074,95,8.640502105263158,10,3
9078,83,12.083939759036145,10,3
9079,93,11.153167741935484,10,3
9093,51,19.778839215686272,10,3
9096,65,11.402707692307693,10,3
9097,63,14.758188888888888,10,3
9101,45,22.57704888888889,10,3
9118,90,12.119165555555554,10,3
9120,82,13.26531219512195,10,3
9124,76,37.99551447368421,10,3
9126,109,9.01068256880734,10,3
9142,89,10.193005617977528,10,3
9150,74,13.950631081081081,10,3
9002,85,12.217588235294116,10,5
9003,76,12.427859210526316,10,5
9004,109,8.914125688073394,10,5
9005,79,11.83356582278481,10,5
9011,94,10.548141489361702,10,5
9013,139,7.331071223021583,10,5
9018,116,8.154087068965516,10,5
9020,95,8.902511578947369,10,5
9021,96,9.842884374999999,10,5
9025,82,11.954191463414634,10,5
9027,87,10.791293103448275,10,5
9036,89,11.697477528089887,10,5
9038,52,20.130215384615383,10,5
9040,96,9.585079166666667,10,5
9044,67,14.414977611940298,10,5
9048,58,17.647787931034483,10,5
9050,61,17.382190163934425,10,5
9063,83,11.558544578313253,10,5
9064,92,10.24005,10,5
9065,86,12.08015465116279,10,5
9074,82,9.91095243902439,10,5
9078,69,14.469782608695652,10,5
9079,80,12.864023750000001,10,5
9093,49,20.581189795918366,10,5
9096,59,12.433281355932202,10,5
9097,49,18.72423469387755,10,5
9101,35,28.884100000000004,10,5
9118,76,14.188852631578948,10,5
9120,71,15.24160704225352,10,5
9124,71,40.519801408450704,10,5
9126,90,10.718668888888889,10,5
9142,83,10.888185542168674,10,5
9150,69,14.901342028985509,10,5
9002,76,13.585144736842105,10,7
9003,71,13.272101408450705,10,7
9004,93,10.201370967741935,10,7
9005,68,13.680863235294117,10,7
9011,84,11.643995238095238,10,7
9013,129,7.805625581395349,10,7
9018,97,9.315248453608248,10,7
9020,81,10.103997530864198,10,7
9021,84,11.047225000000001,10,7
9025,76,12.728667105263158,10,7
9027,83,11.247569879518073,10,7
9036,74,13.8237,10,7
9038,47,22.216948936170212,10,7
9040,82,11.083296341463415,10,7
9044,62,15.550545161290321,10,7
9048,53,19.270941509433964,10,7
9050,54,19.552811111111108,10,7
9063,70,13.49282,10,7
9064,81,11.533220987654321,10,7
9065,79,13.075796202531647,10,7
9074,75,10.783486666666667,10,7
9078,62,15.97078870967742,10,7
9079,74,13.86204864864865,10,7
9093,41,24.465746341463415,10,7
9096,55,13.28943818181818,10,7
9097,42,21.61387142857143,10,7
9101,28,35.838057142857146,10,7
9118,70,15.24237,10,7
9120,60,17.798828333333333,10,7
9124,68,42.19635147058824,10,7
9126,76,12.208780263157895,10,7
9142,73,12.281128767123286,10,7
9150,65,15.679361538461539,10,7
9002,66,15.362951515151515,10,10
9003,62,15.090480645161291,10,10
9004,79,11.675335443037975,10,10
9005,63,14.644607936507935,10,10
9011,71,13.487932394366197,10,10
9013,107,8.983044859813084,10,10
9018,83,10.518503614457831,10,10
9020,69,11.663284057971016,10,10
9021,71,12.798633802816902,10,10
9025,69,13.854120289855073,10,10
9027,67,13.647232835820896,10,10
9036,58,16.961674137931034,10,10
9038,42,24.752542857142856,10,10
9040,67,13.192174626865672,10,10
9044,51,18.538398039215686,10,10
9048,49,20.792708163265306,10,10
9050,44,23.664199999999997,10,10
9063,63,14.758073015873016,10,10
9064,68,13.290405882352943,10,10
9065,68,14.903892647058823,10,10
9074,65,12.302207692307693,10,10
9078,56,17.58497142857143,10,10
9079,61,16.550026229508198,10,10
9093,36,27.760638888888888,10,10
9096,48,14.924549999999998,10,10
9097,37,23.863613513513513,10,10
9101,25,40.115216000000004,10,10
9118,59,17.651245762711863,10,10
9120,54,19.689240740740743,10,10
9124,62,45.92704193548387,10,10
9126,61,14.564622950819672,10,10
9142,68,12.971782352941176,10,10
9150,60,16.891156666666667,10,10
9002,74,14.156545945945945,15,3
9003,71,13.365892957746478,15,3
9004,100,9.865506,15,3
9005,76,12.352832894736842,15,3
9011,88,11.453362499999999,15,3
9013,120,8.733299166666665,15,3
9018,108,8.89311388888889,15,3
9020,98,8.708281632653062,15,3
9021,97,9.854705154639175,15,3
9025,75,13.255137333333334,15,3
9027,88,10.744661363636364,15,3
9036,81,13.154909876543211,15,3
9038,53,19.864207547169812,15,3
9040,91,10.201703296703297,15,3
9044,67,14.447788059701493,15,3
9048,61,16.858129508196722,15,3
9050,59,18.034813559322036,15,3
9063,77,12.530061038961039,15,3
9064,105,9.053392380952381,15,3
9065,80,13.072273749999999,15,3
9074,88,9.343142045454545,15,3
9078,74,13.556540540540542,15,3
9079,82,12.654208536585365,15,3
9093,42,24.024438095238093,15,3
9096,56,13.248851785714285,15,3
9097,57,16.31632105263158,15,3
9101,34,29.885461764705884,15,3
9118,81,13.501997530864198,15,3
9120,69,15.783597101449274,15,3
9124,64,45.171034375,15,3
9126,83,11.86064096385542,15,3
9142,72,12.604934722222222,15,3
9150,68,15.18156617647059,15,3
9002,66,15.768392424242423,15,5
9003,65,14.544653846153846,15,5
9004,87,11.218690804597701,15,5
9005,68,13.772726470588236,15,5
9011,78,12.763102564102565,15,5
9013,111,9.356842342342343,15,5
9018,97,9.829627835051546,15,5
9020,87,9.753179310344828,15,5
9021,86,11.016148837209302,15,5
9025,68,14.499607352941176,15,5
9027,83,11.370180722891567,15,5
9036,70,14.947312857142856,15,5
9038,48,21.817393749999997,15,5
9040,81,11.376188888888889,15,5
9044,62,15.588075806451613,15,5
9048,54,18.969159259259257,15,5
9050,54,19.67751111111111,15,5
9063,71,13.551335211267606,15,5
9064,88,10.729457954545454,15,5
9065,71,14.673030985915494,15,5
9074,77,10.597353246753247,15,5
9078,62,16.109359677419356,15,5
9079,72,14.356993055555556,15,5
9093,40,25.2195975,15,5
9096,52,14.138748076923077,15,5
9097,45,20.4232,15,5
9101,30,33.78069666666667,15,5
9118,70,15.47406142857143,15,5
9120,61,17.80105737704918,15,5
9124,59,48.81683050847458,15,5
9126,70,13.922232857142857,15,5
9142,69,13.11500579710145,15,5
9150,63,16.320514285714285,15,5
9002,59,17.55994406779661,15,7
9003,62,15.222095161290323,15,7
9004,77,12.585681818181818,15,7
9005,59,15.806066101694915,15,7
9011,71,13.905157746478874,15,7
9013,105,9.82196761904762,15,7
9018,87,10.717367816091953,15,7
9020,75,10.973433333333334,15,7
9021,78,11.97643076923077,15,7
9025,63,15.449736507936509,15,7
9027,81,11.616303703703704,15,7
9036,60,17.315908333333333,15,7
9038,44,23.753506818181815,15,7
9040,72,12.712148611111111,15,7
9044,59,16.364103389830507,15,7
9048,49,20.859648979591835,15,7
9050,48,22.070347916666666,15,7
9063,59,16.068901694915255,15,7
9064,79,11.8779,15,7
9065,66,15.73225909090909,15,7
9074,71,11.446783098591549,15,7
9078,57,17.387333333333334,15,7
9079,67,15.388370149253731,15,7
9093,35,28.700917142857143,15,7
9096,50,14.690332000000001,15,7
9097,38,23.929976315789474,15,7
9101,27,37.41074444444445,15,7
9118,66,16.346757575757575,15,7
9120,52,20.701825,15,7
9124,56,51.297125,15,7
9126,65,14.842093846153846,15,7
9142,61,14.744301639344263,15,7
9150,59,17.273869491525424,15,7
9002,52,19.739776923076924,15,10
9003,56,16.788098214285714,15,10
9004,68,14.127644117647058,15,10
9005,56,16.60098214285714,15,10
9011,62,15.746225806451614,15,10
9013,96,10.556195833333334,15,10
9018,83,11.165827710843374,15,10
9020,64,12.6487296875,15,10
9021,68,13.514992647058824,15,10
9025,59,16.39918305084746,15,10
9027,68,13.565785294117646,15,10
9036,51,20.101705882352945,15,10
9038,43,24.27980465116279,15,10
9040,62,14.437387096774195,15,10
9044,49,19.328108163265306,15,10
9048,45,22.657902222222223,15,10
9050,42,25.00532619047619,15,10
9063,57,16.56228596491228,15,10
9064,67,13.556355223880598,15,10
9065,58,17.639772413793104,15,10
9074,64,12.611490625,15,10
9078,53,18.627909433962266,15,10
9079,56,18.154369642857144,15,10
9093,31,32.288293548387095,15,10
9096,44,16.426988636363635,15,10
9097,33,26.803339393939396,15,10
9101,25,40.395016,15,10
9118,55,19.151701818181817,15,10
9120,48,22.367333333333335,15,10
9124,52,54.85427307692308,15,10
9126,54,17.37259074074074,15,10
9142,59,15.198230508474577,15,10
9150,54,18.767948148148147,15,10
