station_id,event_id,duration,severity,intensity,propagated
9126,10,80,22.2659,0.2783,True
9018,68,45,2.0554,0.0457,False
9064,35,124,61.5941,0.4967,True
9064,71,51,12.3281,0.2417,True
9011,65,6,1.2857,0.2143,False
9003,61,35,33.2846,0.951,True
9004,26,14,3.1504,0.225,True
9038,18,17,12.1933,0.7173,True
9004,62,38,11.2091,0.295,False
9050,29,119,46.0954,0.3874,True
9020,6,9,1.7339,0.1927,False
9124,63,28,0.958,0.0342,False
9126,23,47,9.561,0.2034,False
9018,81,25,3.4826,0.1393,True
9064,48,52,13.3324,0.2564,True
9065,13,32,1.6805,0.0525,False
9011,42,83,41.7348,0.5028,True
9002,73,26,1.272,0.0489,True
9003,38,55,16.2691,0.2958,True
9003,74,13,0.7873,0.0606,False
9004,39,8,9.5285,1.1911,False
9050,6,16,2.4487,0.153,True
9038,31,80,32.1434,0.4018,True
9079,69,118,62.6906,0.5313,True
9020,19,34,9.4748,0.2787,True
9018,58,65,8.3158,0.1279,True
9064,25,45,18.6442,0.4143,True
9002,50,16,11.59,0.7244,True
9021,63,20,2.6657,0.1333,True
9096,14,32,3.8994,0.1219,True
9074,75,6,0.3043,0.0507,False
9065,26,13,0.1953,0.015,False
9003,51,40,23.9594,0.599,True
9004,16,29,29.3052,1.0105,True
9063,65,25,16.2826,0.6513,True
9079,46,5,0.2108,0.0422,False
9025,75,16,3.2371,0.2023,False
9036,84,20,1.1495,0.0575,True
9048,58,17,2.1957,0.1292,False
9013,100,45,9.33,0.2073,False
9018,35,14,0.353,0.0252,True
9021,40,13,2.7503,0.2116,False
9018,71,24,6.7963,0.2832,False
9064,38,23,2.2908,0.0996,True
9011,32,73,47.3671,0.6489,True
9002,63,55,24.6922,0.4489,True
9078,58,7,0.4455,0.0636,False
9079,23,96,82.6058,0.8605,True
9025,52,10,0.8231,0.0823,False
9142,79,29,0.3751,0.0129,True
9079,59,16,0.8007,0.05,False
9120,60,9,1.3344,0.1483,True
9005,73,37,11.4899,0.3105,False
9038,21,20,4.8296,0.2415,False
9018,48,57,23.8146,0.4178,True
9064,15,17,5.2006,0.3059,True
9124,66,26,1.8494,0.0711,False
9020,94,19,13.9619,0.7348,True
9078,35,62,17.7303,0.286,True
9004,6,25,7.5898,0.3036,False
9063,55,70,25.9976,0.3714,True
9150,60,106,58.6038,0.5529,True
9142,56,13,3.1173,0.2398,False
9013,54,60,17.7266,0.2954,False
9079,36,6,0.9033,0.1506,True
9036,74,29,12.9375,0.4461,True
9048,48,18,2.2322,0.124,True
9074,42,12,0.805,0.0671,False
9020,71,7,0.1684,0.0241,True
9002,53,55,6.4877,0.118,True
9003,18,18,0.6465,0.0359,True
9063,32,33,12.7785,0.3872,True
9074,78,25,17.7837,0.7113,True
9126,88,7,3.3084,0.4726,False
9078,48,29,8.8695,0.3058,True
9079,13,57,22.4116,0.3932,True
9025,42,24,0.7251,0.0302,True
9063,68,31,22.4019,0.7226,True
9036,51,20,11.6793,0.584,False
9142,69,39,10.244,0.2627,True
9048,25,15,0.8594,0.0573,True
9040,21,8,0.5493,0.0687,False
9005,63,44,4.4688,0.1016,True
9120,50,8,1.5035,0.1879,True
9004,104,13,4.1673,0.3206,True
9018,38,10,0.42,0.042,False
9064,5,12,5.8512,0.4876,False
9124,56,8,1.3474,0.1684,False
9002,30,17,10.9148,0.642,True
9021,43,16,2.498,0.1561,True
9097,38,96,43.1757,0.4497,True
9044,32,9,0.4045,0.0449,False
9063,45,35,12.3187,0.352,True
9142,46,17,3.3088,0.1946,False
9120,27,88,47.4498,0.5392,True
9025,55,403,324.4918,0.8052,True
9036,64,35,1.9289,0.0551,True
9048,38,7,0.7549,0.1078,False
9040,34,57,37.6248,0.6601,True
9005,76,80,25.9568,0.3245,True
9120,63,254,168.5808,0.6637,True
9124,33,142,172.9509,1.218,True
9074,32,7,0.0252,0.0036,True
9020,61,18,5.4079,0.3004,False
9093,45,24,1.3278,0.0553,True
9078,2,45,11.3979,0.2533,True
9097,15,13,6.8903,0.53,False
9002,43,17,0.4961,0.0292,False
9003,8,137,124.6303,0.9097,True
9044,9,12,0.9598,0.08,False
9150,27,32,3.616,0.113,True
9096,56,25,0.2715,0.0109,True
9142,23,27,9.0098,0.3337,True
9126,78,95,33.3107,0.3506,True
9078,38,94,16.0031,0.1702,True
9079,3,9,2.3056,0.2562,True
9118,74,112,45.2069,0.4036,False
9065,68,17,2.6454,0.1556,True
9025,32,88,5.8851,0.0669,True
9044,45,15,4.3009,0.2867,False
9036,41,21,10.6124,0.5054,True
9048,15,19,5.2819,0.278,False
9040,11,69,35.361,0.5125,False
9013,57,16,1.3113,0.082,False
9005,53,55,49.9813,0.9088,False
9004,94,25,9.1237,0.3649,True
9050,61,180,133.3556,0.7409,True
9101,26,349,198.8905,0.5699,True
9093,22,35,5.6227,0.1606,False
9002,20,139,72.9548,0.5249,True
9074,45,20,2.22,0.111,False
9020,74,8,1.0854,0.1357,False
9126,55,14,16.9355,1.2097,True
9078,15,65,52.9549,0.8147,True
9018,113,23,0.9957,0.0433,True
9064,80,38,5.5143,0.1451,True
9044,22,17,2.17,0.1276,False
9063,35,59,34.099,0.5779,True
9036,18,14,1.8079,0.1291,True
9150,40,76,34.9073,0.4593,True
9013,34,20,6.5372,0.3269,False
9120,17,113,57.953,0.5129,True
9065,81,27,12.5388,0.4644,True
9004,71,27,11.4084,0.4225,True
9040,24,11,2.7543,0.2504,False
9124,23,254,253.3358,0.9974,True
9074,22,20,3.6144,0.1807,True
9020,51,16,1.4094,0.0881,False
9126,32,36,2.733,0.0759,False
9063,12,25,4.3516,0.1741,False
9150,17,55,18.7118,0.3402,True
9096,46,49,11.3692,0.232,True
9142,13,5,0.5165,0.1033,False
9126,68,73,16.206,0.222,True
9005,7,17,0.8611,0.0507,False
9065,58,44,41.3122,0.9389,True
9025,22,8,4.6203,0.5775,False
9048,5,30,3.6312,0.121,True
9005,43,151,39.2512,0.2599,False
9120,30,7,0.792,0.1131,False
9004,84,31,3.3408,0.1078,True
9050,51,15,1.598,0.1065,True
9101,16,32,1.7981,0.0562,True
9093,12,38,9.098,0.2394,True
9020,28,33,3.373,0.1022,False
9002,10,38,10.0585,0.2647,True
9096,23,19,0.331,0.0174,True
9126,45,111,40.4033,0.364,True
9078,5,32,10.1825,0.3182,True
9064,70,24,1.6648,0.0694,False
9044,12,56,46.3037,0.8269,True
9036,8,5,1.1806,0.2361,False
9142,26,10,3.1862,0.3186,False
9005,20,44,7.5397,0.1714,True
9120,7,61,59.4449,0.9745,True
9065,71,27,9.0992,0.337,True
9004,61,6,1.8016,0.3003,False
9050,28,126,109.8327,0.8717,True
9074,12,37,13.2819,0.359,True
9020,41,17,1.3972,0.0822,False
9126,22,16,2.787,0.1742,True
9118,18,165,87.5251,0.5305,True
9018,80,8,0.0507,0.0063,False
9150,7,38,7.7422,0.2037,True
9021,85,8,2.162,0.2703,False
9096,36,49,18.0614,0.3686,True
9142,3,49,14.024,0.2862,True
9064,83,25,4.2559,0.1702,True
9065,48,9,2.4137,0.2682,False
9011,77,70,24.5213,0.3503,True
9003,73,10,1.8204,0.182,True
9038,30,20,2.3512,0.1176,True
9079,68,36,28.4722,0.7909,True
9101,6,5,0.1551,0.031,False
9096,13,19,0.3093,0.0163,True
9018,93,45,33.052,0.7345,False
9064,60,85,43.6808,0.5139,True
9065,25,32,18.9782,0.5931,True
9005,10,85,5.4992,0.0647,True
9004,51,78,23.56,0.3021,True
9050,18,26,4.0014,0.1539,True
9013,99,61,23.2414,0.381,False
9038,43,45,13.7649,0.3059,True
9013,135,136,43.9419,0.3231,True
9074,2,15,1.253,0.0835,True
9126,12,12,5.1489,0.4291,False
9064,37,33,7.7521,0.2349,False
9096,26,7,3.9283,0.5612,False
9065,38,5,0.6097,0.1219,False
9003,63,13,0.7761,0.0597,False
9004,28,43,7.2982,0.1697,True
9063,77,18,3.7132,0.2063,True
9038,20,73,17.75,0.2432,True
9079,58,46,3.9369,0.0856,True
9018,47,22,1.1245,0.0511,True
9064,50,6,0.1664,0.0277,True
9065,15,24,8.9318,0.3722,True
9002,75,6,0.4863,0.081,False
9003,40,21,5.3175,0.2532,True
9079,35,80,38.539,0.4817,True
9003,76,6,0.3162,0.0527,True
9004,41,32,8.2837,0.2589,True
9050,8,29,16.774,0.5784,True
9036,73,41,25.3416,0.6181,True
9013,89,94,20.6029,0.2192,False
9126,2,54,17.095,0.3166,True
9018,60,15,0.4469,0.0298,False
9064,27,16,15.2117,0.9507,False
9002,52,47,10.9966,0.234,True
9074,77,10,2.9075,0.2908,False
9065,28,41,19.2449,0.4694,True
9003,53,8,0.6646,0.0831,False
9044,54,39,8.0147,0.2055,True
9063,67,40,13.2746,0.3319,True
9079,48,8,2.4621,0.3078,False
9036,86,35,12.4658,0.3562,True
9018,37,56,15.2843,0.2729,True
9064,4,43,15.188,0.3532,False
9124,55,39,14.9343,0.3829,False
9065,5,26,7.7912,0.2997,True
9011,34,9,3.8864,0.4318,False
9097,37,33,61.6076,1.8669,False
9002,65,27,2.9771,0.1103,True
9003,30,26,8.395,0.3229,True
9063,44,104,50.6239,0.4868,True
9078,60,38,23.0812,0.6074,True
9079,25,18,5.496,0.3053,True
9025,54,76,7.721,0.1016,False
9063,80,17,5.474,0.322,True
9036,63,45,6.8377,0.1519,False
9142,81,25,5.9034,0.2361,True
9048,37,17,0.9807,0.0577,False
9040,33,23,4.1845,0.1819,False
9005,75,13,0.2989,0.023,False
9120,62,38,24.0424,0.6327,True
9093,44,392,304.6002,0.777,True
9003,7,7,1.3645,0.1949,True
9021,55,30,10.2226,0.3408,True
9074,67,6,0.2193,0.0366,True
9078,37,39,10.1578,0.2605,True
9079,2,38,13.2824,0.3495,True
9004,8,9,0.5859,0.0651,True
9044,44,21,2.7573,0.1313,True
9063,57,39,17.8837,0.4586,False
9036,40,9,1.5528,0.1725,False
9150,62,73,20.2648,0.2776,True
9079,38,10,1.1916,0.1192,False
9120,39,57,18.562,0.3256,True
9036,76,6,0.029,0.0048,False
9040,46,15,1.3522,0.0901,False
9018,27,5,0.5297,0.1059,False
9002,19,94,22.8727,0.2433,True
9021,32,20,10.4533,0.5227,True
9011,24,28,3.3564,0.1199,False
9097,27,21,2.439,0.1161,False
9002,55,9,1.2956,0.144,True
9003,20,27,19.5593,0.7244,True
9063,34,14,3.3364,0.2383,True
9150,39,277,81.0976,0.2928,True
9126,90,9,1.3667,0.1519,True
9078,50,58,37.1453,0.6404,True
9079,15,14,0.48,0.0343,True
9065,80,7,3.6605,0.5229,True
9025,44,22,6.5193,0.2963,True
9044,57,9,1.0978,0.122,True
9036,53,151,97.1223,0.6432,True
9142,71,12,0.7359,0.0613,False
9048,27,122,46.3505,0.3799,True
9005,65,5,0.4249,0.085,True
9120,52,9,0.0238,0.0026,False
9018,4,36,7.7839,0.2162,False
9002,32,111,69.9676,0.6303,True
9021,45,57,14.4899,0.2542,True
9074,57,28,14.2748,0.5098,True
9097,40,27,4.5529,0.1686,True
9025,21,28,7.4838,0.2673,False
9063,47,35,18.4986,0.5285,True
9150,52,25,2.3633,0.0945,True
9142,48,6,0.9,0.15,True
9048,4,24,0.4333,0.0181,True
9013,46,40,4.756,0.1189,True
9120,29,16,3.0867,0.1929,False
9025,57,31,3.1249,0.1008,False
9048,40,63,36.2018,0.5746,True
9040,36,7,0.7937,0.1134,False
9101,15,6,1.0182,0.1697,False
9002,9,41,13.6438,0.3328,True
9021,22,8,1.3587,0.1698,False
9074,34,54,14.822,0.2745,True
9093,47,5,0.1591,0.0318,False
9020,63,36,14.3803,0.3995,False
9078,4,7,1.2885,0.1841,False
9097,17,13,4.4449,0.3419,False
9003,10,11,11.406,1.0369,False
9063,24,50,3.017,0.0603,True
9150,29,64,33.2671,0.5198,True
9036,7,9,3.7018,0.4113,False
9142,25,66,28.6313,0.4338,True
9079,5,8,1.3868,0.1734,False
9120,6,22,16.7949,0.7634,True
9065,70,47,19.1525,0.4075,True
9025,34,32,7.4768,0.2337,False
9036,43,47,29.7912,0.6339,True
9142,61,5,0.417,0.0834,False
9048,17,23,8.7336,0.3797,False
9013,59,45,12.2926,0.2732,True
9120,42,5,0.7988,0.1598,False
9004,96,34,14.1336,0.4157,True
9101,28,7,0.3705,0.0529,False
9093,24,16,1.2913,0.0807,True
9020,40,23,0.8906,0.0387,False
9002,22,10,1.4689,0.1469,False
9063,1,20,0.9684,0.0484,True
9150,6,25,2.9209,0.1168,False
9126,57,43,12.5835,0.2926,False
9078,17,38,15.0928,0.3972,True
9064,82,136,44.6822,0.3285,True
9044,24,27,9.7603,0.3615,True
9036,20,36,19.9079,0.553,True
9142,38,7,1.5561,0.2223,False
9013,36,7,2.2201,0.3172,False
9005,32,215,110.6164,0.5145,True
9120,19,11,0.6211,0.0565,False
9065,83,49,27.3153,0.5575,True
9050,40,52,28.108,0.5405,True
9101,5,5,1.9075,0.3815,False
9093,1,79,15.1254,0.1915,True
9074,24,5,0.1074,0.0215,False
9118,30,160,49.9173,0.312,False
9097,7,45,30.5183,0.6782,False
9063,14,6,0.4446,0.0741,False
9150,19,33,2.3298,0.0706,True
9096,48,27,2.2379,0.0829,True
9118,66,65,16.1391,0.2483,True
9005,9,19,0.5074,0.0267,False
9065,60,5,0.4168,0.0834,False
9025,24,36,5.8493,0.1625,True
9011,89,60,29.4325,0.4905,True
9005,45,29,4.4679,0.1541,True
9124,2,11,1.7502,0.1591,False
9101,18,32,4.439,0.1387,True
9074,1,46,15.1419,0.3292,True
9093,14,5,0.5881,0.1176,False
9020,30,9,2.0297,0.2255,False
9126,47,11,4.6602,0.4237,True
9078,7,125,55.1343,0.4411,True
9018,105,10,0.1695,0.017,False
9064,72,26,12.6996,0.4884,True
9065,37,36,3.0543,0.0848,True
9142,28,29,13.8161,0.4764,True
9013,26,13,0.5561,0.0428,False
9065,73,15,6.9935,0.4662,True
9004,63,10,0.8437,0.0844,True
9050,30,94,36.512,0.3884,True
9074,14,8,1.6707,0.2088,False
9020,43,17,5.1777,0.3046,True
9126,24,5,2.2986,0.4597,False
9018,82,64,18.8921,0.2952,True
9064,49,38,14.918,0.3926,False
9063,4,5,2.3241,0.4648,False
9096,38,29,18.1613,0.6263,True
9064,85,5,0.2421,0.0484,False
9065,50,106,75.1326,0.7088,True
9003,75,17,0.8168,0.048,True
9004,40,8,1.794,0.2243,True
9050,7,54,17.6038,0.326,True
9079,70,10,2.5823,0.2582,False
9038,32,17,2.0896,0.1229,True
9004,76,17,3.1366,0.1845,True
9050,43,15,1.4781,0.0985,False
9020,20,6,0.6767,0.1128,False
9093,4,25,3.7035,0.1481,False
9126,1,67,12.0405,0.1797,True
9126,37,5,1.8398,0.368,False
9018,95,14,0.32,0.0229,False
9064,62,7,1.4255,0.2036,True
9065,27,47,13.8093,0.2938,False
9011,56,14,5.45,0.3893,False
9003,52,9,0.1962,0.0218,True
9005,12,24,2.7614,0.1151,False
9079,47,81,39.9958,0.4938,False
9004,53,17,2.9649,0.1744,False
9050,20,30,2.837,0.0946,True
9038,45,16,6.17,0.3856,False
9040,91,25,10.4402,0.4176,True
9018,72,11,0.8184,0.0744,False
9064,39,5,0.2834,0.0567,False
9065,4,36,10.2952,0.286,True
9065,40,26,4.3596,0.1677,True
9011,69,7,0.6527,0.0932,False
9003,65,114,42.7489,0.375,True
9063,79,85,30.8007,0.3624,True
9038,22,317,209.6129,0.6612,True
9079,60,75,35.4463,0.4726,True
9020,10,12,10.9925,0.916,False
9018,49,28,7.0345,0.2512,True
9064,16,15,3.6299,0.242,False
9021,54,24,5.6846,0.2369,False
9096,5,8,0.5971,0.0746,False
9118,23,133,60.7493,0.4568,True
9018,85,8,4.4451,0.5556,False
9064,52,15,3.191,0.2127,True
9065,17,16,2.2381,0.1399,False
9011,46,29,2.4881,0.0858,True
9002,77,6,0.6025,0.1004,False
9079,37,7,1.2096,0.1728,False
9025,66,65,12.5234,0.1927,True
9004,43,23,5.0195,0.2182,False
9050,10,12,6.9884,0.5824,True
9036,75,19,3.7136,0.1955,True
9040,81,16,2.9517,0.1845,True
9126,4,5,3.0131,0.6026,False
9018,62,22,1.4729,0.067,True
9064,29,17,10.9619,0.6448,True
9002,54,6,1.6312,0.2719,True
9003,19,67,29.3228,0.4377,True
9021,67,63,27.1193,0.4305,False
9078,49,46,22.7619,0.4948,True
9044,56,174,102.8507,0.5911,True
9004,20,13,1.1905,0.0916,False
9063,69,135,35.9322,0.2662,True
9036,52,123,100.3838,0.8161,True
9013,68,121,20.6516,0.1707,True
9079,50,18,5.0532,0.2807,False
9120,51,20,2.161,0.1081,True
9036,88,10,0.8932,0.0893,False
9018,39,38,6.06,0.1595,True
9064,6,14,2.9557,0.2111,False
9002,31,115,29.6363,0.2577,True
9074,56,7,0.689,0.0984,False
9020,85,5,0.9116,0.1823,False
9065,7,17,1.0123,0.0595,False
9011,36,21,5.9713,0.2843,True
9097,39,27,9.9323,0.3679,False
9003,32,104,33.4612,0.3217,True
9063,46,34,8.364,0.246,True
9078,62,76,41.0728,0.5404,True
9079,27,48,42.6614,0.8888,True
9025,56,72,16.4473,0.2284,False
9036,65,15,1.5694,0.1046,False
9142,83,20,1.1205,0.056,False
9048,39,11,0.5831,0.053,True
9005,77,47,8.612,0.1832,True
9120,64,14,15.9691,1.1407,True
9018,16,46,14.6726,0.319,True
9093,46,8,0.3922,0.049,False
9002,44,25,8.4145,0.3366,True
9074,69,16,1.2167,0.076,False
9126,79,63,11.4818,0.1823,True
9078,39,22,1.6532,0.0751,False
9079,4,36,14.495,0.4026,True
9004,10,11,3.8753,0.3523,True
9063,59,18,1.5747,0.0875,False
9036,42,7,2.7338,0.3905,False
9150,64,17,12.9025,0.759,False
9142,60,20,1.2762,0.0638,False
9048,16,34,2.6931,0.0792,True
9013,58,15,1.2468,0.0831,True
9079,40,16,6.9312,0.4332,True
9005,54,23,29.9303,1.3013,True
9025,69,21,2.8806,0.1372,False
9048,52,10,5.4945,0.5494,False
9101,27,14,3.1393,0.2242,True
9002,21,12,4.73,0.3942,True
9021,34,32,17.7615,0.555,True
9078,16,6,2.2033,0.3672,False
9003,22,12,0.6205,0.0517,False
9063,36,7,1.8553,0.265,False
9142,37,16,1.4187,0.0887,True
9013,35,84,13.0697,0.1556,True
9079,17,55,12.1742,0.2213,True
9065,82,20,7.0217,0.3511,True
9036,55,6,3.0829,0.5138,False
9142,73,39,7.5097,0.1926,True
9048,29,10,2.0127,0.2013,True
9013,71,61,29.0209,0.4758,True
9005,67,15,4.0644,0.271,True
9021,11,19,3.6058,0.1898,False
9074,23,97,46.5005,0.4794,True
9093,36,161,42.8988,0.2665,True
9097,6,121,83.9714,0.694,True
9002,34,53,10.0688,0.19,True
9063,13,40,31.9253,0.7981,True
9150,18,13,6.3457,0.4881,True
9074,59,30,6.011,0.2004,False
9020,88,9,1.2395,0.1377,False
9078,29,27,4.0914,0.1515,False
9025,23,23,1.7068,0.0742,False
9044,36,182,77.1478,0.4239,True
9063,49,52,19.9736,0.3841,True
9150,54,188,105.3916,0.5606,True
9142,50,36,1.8736,0.052,True
9048,6,104,103.6521,0.9967,True
9005,44,12,1.3752,0.1146,True
9120,31,32,8.9306,0.2791,True
9004,85,9,2.4477,0.272,True
9050,52,6,1.4855,0.2476,False
9040,38,5,0.8298,0.166,False
9101,17,16,2.923,0.1827,False
9093,13,79,45.9651,0.5818,True
9018,19,15,3.4122,0.2275,True
9074,36,25,4.2593,0.1704,True
9020,65,12,5.4775,0.4565,False
9093,49,38,10.6156,0.2794,True
9126,46,12,3.5375,0.2948,True
9078,6,31,18.2688,0.5893,True
9097,19,89,81.4721,0.9154,True
9063,26,5,3.3473,0.6695,False
9142,27,63,10.1046,0.1604,True
9065,72,86,36.2844,0.4219,True
9025,36,18,14.0381,0.7799,False
9048,19,131,76.5264,0.5842,True
9005,57,11,0.301,0.0274,True
9004,98,53,7.4724,0.141,False
9020,42,20,23.1216,1.1561,False
9002,24,8,2.3811,0.2976,False
9063,3,17,6.8667,0.4039,True
9096,37,5,1.1148,0.223,False
9142,4,25,1.287,0.0515,True
9126,59,36,25.2261,0.7007,True
9078,19,29,2.9751,0.1026,False
9118,55,246,102.4394,0.4164,True
9064,84,16,3.3699,0.2106,True
9025,13,13,2.4674,0.1898,True
9065,49,6,2.1959,0.366,False
9044,26,16,2.4472,0.1529,False
9142,40,45,34.0242,0.7561,True
9013,38,23,3.1453,0.1368,False
9005,34,78,43.7408,0.5608,True
9120,21,95,38.4425,0.4047,True
9004,75,34,8.9055,0.2619,True
9101,7,30,1.1614,0.0387,False
9093,3,5,3.3999,0.68,False
9074,26,24,1.3586,0.0566,True
9020,55,12,0.9393,0.0783,False
9126,36,24,7.3722,0.3072,False
9018,94,13,3.3759,0.2597,False
9097,9,39,40.1673,1.0299,True
9064,61,13,4.0586,0.3122,False
9063,16,67,28.682,0.4281,True
9150,21,43,5.5419,0.1289,False
9096,50,78,9.6972,0.1243,True
9118,68,25,15.9719,0.6389,False
9005,11,25,3.6821,0.1473,False
9011,91,21,12.7515,0.6072,True
9004,52,50,18.5739,0.3715,True
9038,44,16,2.5319,0.1582,False
9004,88,11,0.6931,0.063,True
9050,55,110,20.8187,0.1893,True
9093,16,162,92.1351,0.5687,True
9020,32,22,3.0716,0.1396,True
9126,13,103,14.2716,0.1386,True
9126,49,12,1.5179,0.1265,True
9018,107,14,5.9453,0.4247,False
9064,74,21,3.564,0.1697,False
9065,39,9,1.5133,0.1681,False
9005,24,17,16.5011,0.9707,False
9020,9,63,38.0874,0.6046,True
9126,26,6,3.2671,0.5445,False
9118,22,10,0.8659,0.0866,False
9064,51,9,2.669,0.2966,True
9065,16,110,58.8025,0.5346,True
9002,76,21,10.4208,0.4962,True
9150,11,6,0.7337,0.1223,False
9021,89,7,1.318,0.1883,False
9096,40,90,6.7636,0.0752,True
9005,1,18,0.9064,0.0504,False
9004,42,71,40.5048,0.5705,True
9050,9,36,12.6504,0.3514,True
9079,72,75,26.0767,0.3477,False
9020,22,17,4.3854,0.258,False
9064,28,77,34.0826,0.4426,True
9021,66,12,1.6167,0.1347,False
9018,97,54,17.4859,0.3238,True
9064,64,42,10.0992,0.2405,True
9011,58,13,6.5638,0.5049,False
9003,54,42,15.2083,0.3621,True
9038,11,21,1.1188,0.0533,True
9079,49,9,1.2764,0.1418,True
9004,55,5,2.2368,0.4474,False
9050,22,132,110.8606,0.8399,True
9064,41,67,24.172,0.3608,True
9065,6,8,2.4735,0.3092,True
9002,66,9,1.9458,0.2162,True
9021,79,34,23.5595,0.6929,True
9078,61,17,5.6194,0.3306,False
9003,67,8,1.107,0.1384,True
9004,32,28,8.5672,0.306,False
9079,62,22,3.0966,0.1408,False
9038,24,84,62.7015,0.7464,True
9013,116,43,9.584,0.2229,False
9020,12,28,5.519,0.1971,False
9064,18,45,5.8917,0.1309,True
9021,56,27,5.5442,0.2053,False
9096,7,17,0.3699,0.0218,True
9074,68,17,1.1148,0.0656,False
9065,19,15,5.1955,0.3464,False
9002,79,209,176.3212,0.8436,True
9003,44,14,1.4285,0.102,True
9063,58,26,7.096,0.2729,True
9150,63,47,19.8197,0.4217,True
9079,39,35,9.3795,0.268,True
9038,1,20,1.3731,0.0687,True
9025,68,129,25.6302,0.1987,False
9018,28,33,6.4864,0.1966,True
9124,46,54,29.4362,0.5451,True
9021,33,31,12.0153,0.3876,True
9040,83,15,5.0789,0.3386,False
9118,2,8,4.8605,0.6076,False
9018,64,36,3.0099,0.0836,False
9064,31,26,9.8059,0.3771,True
9011,25,39,19.6841,0.5047,True
9002,56,18,5.0544,0.2808,True
9003,21,13,0.19,0.0146,True
9021,69,122,55.6011,0.4557,True
9074,81,9,0.399,0.0443,False
9079,16,5,0.6953,0.1391,False
9063,71,18,7.5227,0.4179,True
9036,54,7,2.4878,0.3554,True
9142,72,5,0.2993,0.0599,False
9048,28,137,110.2425,0.8047,True
9038,14,51,28.0411,0.5498,True
9079,52,28,6.3645,0.2273,True
9018,41,157,155.0794,0.9878,True
9064,8,32,12.1769,0.3805,False
9021,46,8,0.282,0.0352,False
9074,58,11,0.1681,0.0153,True
9065,9,6,1.1871,0.1979,False
9011,38,140,66.7339,0.4767,True
9002,69,27,13.9167,0.5154,True
9003,34,131,57.514,0.439,True
9063,48,18,5.9555,0.3309,True
9150,53,11,1.5139,0.1376,False
9142,49,20,5.9798,0.299,False
9013,47,52,15.9462,0.3067,True
9036,67,7,0.1328,0.019,False
9048,41,67,7.6796,0.1146,True
9013,83,17,1.7237,0.1014,True
9005,79,27,1.3561,0.0502,True
9120,66,45,25.7452,0.5721,True
9018,18,98,40.0664,0.4088,True
9021,23,15,4.8294,0.322,False
9074,35,19,0.519,0.0273,False
9002,46,30,3.4753,0.1158,True
9063,25,41,17.7561,0.4331,True
9074,71,28,0.9865,0.0352,True
9044,48,25,0.7139,0.0286,False
9150,66,16,4.8616,0.3038,True
9142,62,27,9.8965,0.3665,True
9048,18,14,2.7887,0.1992,True
9120,43,66,9.2231,0.1397,False
9004,97,42,22.9873,0.5473,True
9101,29,75,8.0844,0.1078,True
9018,31,6,0.7866,0.1311,False
9002,23,127,75.9519,0.598,True
9020,77,67,8.9034,0.1329,True
9126,58,18,3.8084,0.2116,True
9078,18,19,1.7291,0.091,False
9003,24,16,8.5802,0.5363,True
9044,25,40,27.2594,0.6815,True
9063,38,135,23.5194,0.1742,True
9150,43,84,35.9267,0.4277,True
9036,21,82,56.0795,0.6839,True
9142,39,31,21.008,0.6777,True
9005,33,158,38.1061,0.2412,True
9120,20,33,6.0075,0.182,True
9065,84,30,7.3778,0.2459,True
9025,48,43,2.8692,0.0667,False
9048,31,129,48.4538,0.3756,True
9005,69,5,0.2013,0.0403,False
9120,56,15,2.0169,0.1345,True
9074,25,93,8.8589,0.0953,True
9093,38,182,59.9983,0.3297,True
9020,54,37,17.2546,0.4663,True
9097,8,10,30.8086,3.0809,False
9002,36,59,28.6566,0.4857,True
9150,20,22,2.0134,0.0915,True
9096,49,80,54.6863,0.6836,True
9078,31,14,4.1678,0.2977,False
9025,25,36,5.6341,0.1565,True
9065,61,33,14.7374,0.4466,True
9044,38,19,10.9045,0.5739,False
9150,56,21,3.6509,0.1739,True
9142,52,136,43.5972,0.3206,True
9050,54,110,17.3668,0.1579,True
9101,19,6,1.7775,0.2962,False
9093,15,21,13.5121,0.6434,True
9002,13,5,0.7443,0.1489,False
9021,26,7,4.1542,0.5935,False
9074,38,30,36.0682,1.2023,True
9020,67,76,29.9924,0.3946,True
9126,48,15,8.8433,0.5896,False
9018,106,15,1.215,0.081,False
9064,73,33,9.3368,0.2829,False
9097,21,89,83.0233,0.9328,False
9044,15,114,85.5827,0.7507,True
9142,29,5,0.8214,0.1643,False
9013,27,23,4.9958,0.2172,False
9005,23,40,2.9007,0.0725,True
9120,10,65,38.3009,0.5892,True
9065,74,8,0.9796,0.1224,True
9004,64,9,0.9607,0.1067,False
9004,100,23,11.4663,0.4985,True
9074,15,11,4.9824,0.4529,False
9063,5,17,14.1318,0.8313,False
9096,39,13,2.2502,0.1731,False
9064,86,5,0.95,0.19,False
9065,51,68,20.4896,0.3013,True
9025,15,13,3.664,0.2818,False
9044,28,21,2.0568,0.0979,False
9013,40,5,1.3666,0.2733,False
9120,23,10,1.0246,0.1025,True
9004,77,80,42.0764,0.526,True
9050,44,40,13.9059,0.3476,True
9002,3,56,35.0754,0.6263,True
9126,38,28,9.4571,0.3378,True
9018,96,26,2.2732,0.0874,True
9064,63,25,5.285,0.2114,True
9150,23,24,23.9595,0.9983,True
9036,1,7,0.7959,0.1137,False
9096,52,49,19.648,0.401,True
9013,17,45,9.4151,0.2092,True
9005,13,13,1.3208,0.1016,True
9050,21,22,3.0653,0.1393,True
9038,46,13,0.1391,0.0107,True
9013,138,14,4.6585,0.3328,True
9126,15,87,82.9567,0.9535,True
9018,73,53,4.9126,0.0927,True
9021,78,50,10.8048,0.2161,True
9126,51,8,2.7962,0.3495,True
9018,109,6,0.5139,0.0857,False
9064,76,29,5.5062,0.1899,True
9065,41,81,12.3906,0.153,False
9003,66,8,0.4154,0.0519,False
9038,23,32,23.5406,0.7356,True
9079,61,24,5.4799,0.2283,True
9004,67,17,0.9345,0.055,True
9020,11,27,20.1741,0.7472,False
9096,6,7,0.1507,0.0215,False
9126,28,5,3.5144,0.7029,False
9118,24,63,24.2645,0.3852,False
9018,86,5,2.9991,0.5998,False
9065,18,63,17.135,0.272,True
9002,78,34,18.375,0.5404,True
9021,91,24,10.4063,0.4336,True
9013,7,26,0.3358,0.0129,False
9005,3,24,5.2495,0.2187,True
9065,54,63,13.1994,0.2095,True
9011,83,14,2.404,0.1717,True
9004,44,53,32.388,0.6111,True
9038,36,34,1.8971,0.0558,True
9079,74,12,2.7289,0.2274,True
9096,19,33,2.8538,0.0865,True
9074,80,67,18.0464,0.2693,True
9065,31,76,44.986,0.5919,True
9003,56,29,2.8566,0.0985,True
9063,70,26,10.5315,0.4051,True
9038,13,15,1.2324,0.0822,False
9079,51,73,41.2538,0.5651,True
9025,80,15,2.04,0.136,True
9004,57,18,5.4933,0.3052,True
9050,24,19,16.4661,0.8666,False
9036,89,7,0.5997,0.0857,True
9020,1,24,19.8696,0.8279,False
9040,95,12,4.3024,0.3585,True
9018,76,6,5.3649,0.8941,False
9064,43,15,1.0526,0.0702,True
9065,8,14,1.3732,0.0981,False
9002,68,9,1.9633,0.2181,False
9003,33,13,1.6407,0.1262,True
9078,63,34,5.5726,0.1639,False
9079,28,67,38.2474,0.5709,True
9004,34,44,14.6028,0.3319,True
9050,1,24,5.7303,0.2388,True
9063,83,14,5.2517,0.3751,True
9036,66,5,0.4382,0.0876,False
9013,82,19,0.587,0.0309,False
9038,26,12,0.6526,0.0544,True
9079,64,27,2.9984,0.1111,False
9005,78,9,0.5171,0.0575,True
9018,53,9,0.7726,0.0858,False
9064,20,28,14.7545,0.5269,True
9002,45,16,1.1091,0.0693,False
9021,58,66,26.64,0.4036,True
9065,21,40,18.0747,0.4519,True
9078,40,14,2.4037,0.1717,False
9011,50,109,62.4697,0.5731,True
9002,81,24,13.5732,0.5655,True
9063,60,6,0.5388,0.0898,True
9150,65,21,13.084,0.623,True
9079,41,35,7.4882,0.2139,True
9038,3,8,0.6813,0.0852,False
9025,70,16,3.1773,0.1986,False
9036,79,19,2.6645,0.1402,False
9048,53,20,4.5413,0.2271,True
9013,95,24,5.3502,0.2229,False
9124,48,249,223.5416,0.8978,True
9018,66,7,2.7377,0.3911,False
9064,33,16,0.6961,0.0435,False
9011,27,45,7.9722,0.1772,False
9003,23,10,0.7365,0.0736,False
9063,37,12,3.8284,0.319,False
9078,53,41,8.7434,0.2133,True
9079,18,37,14.4433,0.3904,True
9004,24,9,1.1233,0.1248,True
9063,73,7,1.0736,0.1534,False
9036,56,104,63.4111,0.6097,True
9142,74,20,2.0683,0.1034,False
9048,30,21,0.8209,0.0391,False
9004,109,12,5.6944,0.4745,True
9093,37,6,0.2622,0.0437,False
9018,43,10,1.7763,0.1776,False
9064,10,16,2.4999,0.1562,True
9124,61,126,107.5133,0.8533,True
9002,35,39,8.6999,0.2231,False
9021,48,41,19.0762,0.4653,True
9074,60,32,25.0424,0.7826,True
9020,89,45,24.7652,0.5503,True
9078,30,83,30.9219,0.3726,True
9003,36,15,4.1746,0.2783,True
9044,37,98,50.4649,0.5149,True
9036,33,204,89.6659,0.4395,True
9150,55,26,33.2974,1.2807,False
9142,51,10,6.7253,0.6725,True
9079,31,16,4.897,0.3061,True
9120,32,31,15.7898,0.5093,True
9048,43,141,44.2926,0.3141,True
9040,39,8,1.7753,0.2219,False
9120,68,184,117.3393,0.6377,True
9002,12,18,5.9954,0.3331,False
9021,25,27,6.6665,0.2469,True
9074,37,23,4.864,0.2115,True
9020,66,7,0.506,0.0723,False
9002,48,63,31.9765,0.5076,True
9003,13,88,38.0499,0.4324,True
9063,27,62,42.5121,0.6857,True
9150,32,80,32.5985,0.4075,True
9078,43,59,23.3529,0.3958,True
9025,37,49,5.4726,0.1117,True
9044,50,44,7.1827,0.1632,True
9036,46,9,3.7061,0.4118,False
9005,58,57,39.8931,0.6999,True
9120,45,5,0.1713,0.0343,False
9004,99,42,25.8277,0.6149,True
9018,33,12,3.3874,0.2823,False
9021,38,8,1.6242,0.203,False
9074,50,35,9.5536,0.273,True
9020,79,60,28.1188,0.4686,True
9126,60,17,2.0553,0.1209,True
9078,20,52,24.8144,0.4772,True
9097,33,19,2.2505,0.1184,True
9025,14,69,14.0056,0.203,False
9044,27,8,0.2707,0.0338,False
9063,40,5,0.7867,0.1573,False
9150,45,77,27.5519,0.3578,True
9142,41,5,0.4638,0.0928,False
9013,39,50,12.0509,0.241,True
9005,35,30,19.1189,0.6373,False
9120,22,12,7.8113,0.6509,True
9065,86,16,3.8352,0.2397,True
9124,28,210,86.0446,0.4097,True
9002,2,11,9.5252,0.8659,False
9021,15,111,40.5657,0.3655,True
9074,27,126,107.8374,0.8559,True
9044,4,68,17.7412,0.2609,True
9063,17,91,47.2278,0.519,True
9150,22,64,29.3988,0.4594,True
9142,18,15,8.5291,0.5686,False
9126,73,172,97.8181,0.5687,True
9078,33,5,0.272,0.0544,False
9025,27,15,2.7229,0.1815,False
9044,40,66,29.4231,0.4458,True
9011,92,42,2.4362,0.058,True
9036,36,6,3.6229,0.6038,False
9142,54,146,107.6117,0.7371,True
9048,10,41,26.8508,0.6549,True
9005,48,6,0.4483,0.0747,False
9120,35,60,17.7089,0.2951,False
9004,89,30,4.2979,0.1433,True
9050,56,26,33.2569,1.2791,True
9124,5,5,0.071,0.0142,False
9101,21,17,26.866,1.5804,True
9020,33,23,9.227,0.4012,True
9093,17,5,0.3919,0.0784,False
9002,15,8,4.621,0.5776,False
9126,50,9,2.7708,0.3079,False
9078,10,34,17.4412,0.513,True
9018,108,7,0.7636,0.1091,False
9064,75,45,3.1564,0.0701,True
9097,23,184,108.1341,0.5877,True
9044,17,19,4.7395,0.2494,True
9150,35,49,12.8493,0.2622,True
9036,13,8,0.3983,0.0498,False
9005,25,208,117.774,0.5662,True
9120,12,30,15.6901,0.523,True
9065,76,37,6.6128,0.1787,True
9004,66,59,28.5611,0.4841,True
9050,33,8,0.3924,0.049,False
9040,19,53,13.5017,0.2547,True
9004,102,23,4.7648,0.2072,True
9093,30,17,1.3743,0.0808,True
9063,7,29,6.7002,0.231,True
9150,12,11,0.9107,0.0828,False
9126,63,38,9.8169,0.2583,True
9013,6,10,2.1017,0.2102,False
9005,2,6,0.9552,0.1592,False
9064,88,28,3.4457,0.1231,True
9065,53,22,5.6905,0.2587,False
9025,17,29,4.4905,0.1548,False
9005,38,59,15.9841,0.2709,False
9038,35,23,2.8361,0.1233,False
9079,73,23,14.1435,0.6149,True
9004,79,15,15.0171,1.0011,True
9050,46,81,67.9331,0.8387,True
9101,11,54,7.5853,0.1405,True
9013,127,47,5.6351,0.1199,True
9093,7,210,122.3705,0.5827,True
9096,18,14,0.6732,0.0481,False
9126,40,32,3.3029,0.1032,True
9118,36,40,7.0188,0.1755,True
9018,98,6,0.0891,0.0148,False
9044,7,5,0.3193,0.0639,False
9011,59,18,16.3689,0.9094,True
9036,3,5,1.8227,0.3645,False
9096,54,309,308.6753,0.9989,True
9142,21,36,8.1884,0.2275,True
9013,19,54,16.5875,0.3072,False
9065,66,56,28.809,0.5144,True
9004,56,7,2.6866,0.3838,False
9050,23,15,13.2932,0.8862,True
9038,48,19,10.5354,0.5545,True
9040,94,10,1.2675,0.1268,False
9074,7,31,8.8545,0.2856,True
9020,36,23,10.5832,0.4601,True
9126,17,136,75.5326,0.5554,True
9018,75,11,9.7372,0.8852,False
9064,42,94,35.4373,0.377,True
9150,2,30,36.8172,1.2272,True
9021,80,26,12.1454,0.4671,False
9096,31,13,1.9353,0.1489,True
9118,49,12,5.8483,0.4874,False
9064,78,21,12.0717,0.5748,True
9065,43,33,21.9821,0.6661,True
9011,72,27,2.3405,0.0867,True
9003,68,5,0.0781,0.0156,False
9004,33,22,8.0648,0.3666,True
9038,25,18,1.6312,0.0906,False
9004,69,5,0.8994,0.1799,False
9050,36,16,0.2783,0.0174,False
9040,71,78,35.2981,0.4525,True
9020,13,8,0.5978,0.0747,False
9064,55,6,1.9473,0.3245,False
9065,20,28,8.3045,0.2966,True
9011,49,14,2.3712,0.1694,False
9002,80,11,2.7338,0.2485,True
9021,93,18,2.8381,0.1577,True
9005,5,51,12.8147,0.2513,True
9038,2,6,0.494,0.0823,True
9004,46,140,84.6924,0.6049,True
9038,38,6,0.3243,0.054,False
9079,76,9,0.3094,0.0344,True
9126,7,5,5.5378,1.1076,False
9018,65,46,17.8519,0.3881,True
9064,32,68,33.3578,0.4906,True
9021,70,74,19.3603,0.2616,True
9096,21,20,2.1501,0.1075,True
9074,82,18,1.0289,0.0572,True
9065,33,42,8.416,0.2004,True
9011,62,35,9.4904,0.2712,False
9004,23,81,99.6313,1.23,True
9038,15,37,10.372,0.2803,True
9040,61,127,72.9005,0.574,True
9018,42,29,13.8321,0.477,True
9064,9,25,4.2959,0.1718,False
9021,47,10,0.0166,0.0017,False
9018,78,24,6.8478,0.2853,False
9065,10,15,0.4816,0.0321,True
9011,39,11,3.6298,0.33,False
9002,70,18,5.519,0.3066,False
9003,35,119,27.7054,0.2328,True
9021,83,60,23.4847,0.3914,False
9078,65,24,8.4153,0.3506,True
9079,30,23,3.3694,0.1465,True
9025,59,183,74.3039,0.406,True
9004,36,56,12.7268,0.2273,True
9036,68,38,7.7282,0.2034,False
9079,66,32,15.2102,0.4753,False
9120,67,45,20.8125,0.4625,True
9124,37,32,66.3828,2.0745,False
9018,55,109,42.094,0.3862,False
9002,47,14,3.4117,0.2437,True
9003,12,12,2.6454,0.2205,False
9021,60,10,4.2639,0.4264,False
9074,72,46,6.9201,0.1504,True
9078,42,9,1.0623,0.118,False
9003,48,15,10.1917,0.6794,True
9044,49,24,5.7175,0.2382,True
9150,67,24,13.1195,0.5466,False
9142,63,91,22.2915,0.245,True
9079,43,81,39.3496,0.4858,True
9120,44,65,18.3237,0.2819,True
9038,5,67,32.0076,0.4777,True
9036,81,13,1.6292,0.1253,True
9048,55,44,7.6711,0.1743,False
9013,97,16,1.3738,0.0859,False
9018,32,28,15.676,0.5599,True
9074,49,5,0.6317,0.1263,False
9020,78,17,7.3014,0.4295,True
9097,32,30,15.7541,0.5251,False
9002,60,38,21.7472,0.5723,True
9063,39,10,2.8286,0.2829,False
9078,55,8,1.208,0.151,False
9079,20,77,24.2354,0.3147,True
9063,75,8,3.7909,0.4739,True
9036,58,6,1.0145,0.1691,False
9048,32,46,36.5526,0.7946,True
9040,28,6,0.7606,0.1268,False
9124,27,229,214.4447,0.9364,True
9021,14,23,11.5669,0.5029,False
9093,39,21,4.3656,0.2079,True
9018,45,36,11.2982,0.3138,False
9011,6,50,12.7382,0.2548,True
9003,2,8,1.1167,0.1396,False
9126,72,21,5.029,0.2395,False
9078,32,23,2.737,0.119,False
9044,39,12,4.4577,0.3715,False
9063,52,62,12.8136,0.2067,False
9036,35,10,1.5666,0.1567,False
9013,51,67,8.8194,0.1316,True
9079,33,58,22.7708,0.3926,True
9005,47,7,1.2049,0.1721,True
9025,62,14,0.4456,0.0318,True
9036,71,14,3.1446,0.2246,False
9048,45,26,5.8901,0.2265,True
9040,41,14,0.2606,0.0186,True
9101,20,613,508.8362,0.8301,True
9124,40,146,57.3827,0.393,True
9002,14,44,11.8382,0.269,True
9074,39,46,29.5279,0.6419,True
9020,68,69,20.786,0.3012,True
9011,19,47,20.9459,0.4457,True
9063,29,7,1.0451,0.1493,False
9150,34,83,52.0346,0.6269,True
9142,30,23,7.8715,0.3422,True
9078,45,11,1.2999,0.1182,False
9079,10,42,24.6289,0.5864,True
9065,75,32,0.2348,0.0073,False
9025,39,32,21.5533,0.6735,False
9036,48,99,79.3152,0.8012,True
9142,66,7,1.1507,0.1644,False
9048,22,18,10.9248,0.6069,True
9013,64,96,29.7159,0.3095,True
9005,60,5,0.4184,0.0837,False
9120,47,77,26.1367,0.3394,True
9004,101,37,8.467,0.2288,True
9101,33,7,0.0943,0.0135,False
9074,16,30,14.3022,0.4767,True
9093,29,143,28.4189,0.1987,True
9064,2,6,0.345,0.0575,False
9002,27,37,5.6798,0.1535,True
9063,6,12,5.3235,0.4436,True
9074,52,7,1.3238,0.1891,False
9126,62,5,2.3092,0.4618,False
9118,58,17,0.8431,0.0496,False
9064,87,26,14.6856,0.5648,True
9044,29,20,2.7501,0.1375,True
9063,42,128,47.2232,0.3689,True
9142,43,90,28.4387,0.316,True
9120,24,11,4.2372,0.3852,True
9004,78,13,7.3753,0.5673,True
9101,10,134,24.7827,0.1849,True
9018,12,31,9.9189,0.32,False
9124,30,38,1.8377,0.0484,False
9002,4,12,3.2518,0.271,True
9021,17,34,8.7929,0.2586,False
9074,29,8,2.6999,0.3375,False
9093,42,30,2.6871,0.0896,True
9020,58,32,4.6136,0.1442,True
9097,12,6,0.784,0.1307,False
9003,5,9,0.8493,0.0944,False
9063,19,21,0.2156,0.0103,True
9150,24,56,14.3802,0.2568,True
9036,2,17,3.0712,0.1807,True
9065,65,72,7.3955,0.1027,True
9036,38,7,6.0654,0.8665,False
9048,12,47,39.2173,0.8344,True
9005,50,39,15.2521,0.3911,True
9120,37,39,11.9018,0.3052,False
9124,7,58,106.547,1.837,False
9074,6,30,8.176,0.2725,True
9093,19,160,126.3967,0.79,True
9020,35,25,9.6422,0.3857,True
9002,17,14,3.1607,0.2258,True
9096,30,24,1.4873,0.062,False
9018,110,55,14.5502,0.2645,True
9064,77,6,1.5017,0.2503,False
9065,42,11,4.1789,0.3799,True
9025,6,15,2.8112,0.1874,True
9044,19,49,4.5386,0.0926,True
9150,37,122,27.6919,0.227,True
9142,33,183,96.3637,0.5266,True
9013,31,91,28.7187,0.3156,True
9005,27,27,11.3634,0.4209,True
9120,14,27,3.1371,0.1162,True
9065,78,7,0.1496,0.0214,False
9050,35,31,12.3264,0.3976,True
9126,29,7,0.4708,0.0673,False
9118,25,14,6.4473,0.4605,False
9018,87,35,3.1578,0.0902,True
9064,54,23,5.18,0.2252,False
9063,9,71,48.6704,0.6855,True
9150,14,10,3.5284,0.3528,False
9096,43,21,5.1964,0.2474,True
9064,90,13,3.0988,0.2384,True
9065,55,25,9.9466,0.3979,True
9011,84,20,9.2641,0.4632,True
9004,45,70,22.8704,0.3267,True
9079,75,12,5.1289,0.4274,True
9004,81,13,3.4107,0.2624,True
9050,48,48,17.917,0.3733,True
9020,25,46,14.9917,0.3259,True
9096,20,15,0.6276,0.0418,False
9018,100,27,2.5234,0.0935,True
9064,67,15,0.9112,0.0607,False
9065,32,31,27.9053,0.9002,False
9003,57,13,4.8254,0.3712,True
9036,5,5,2.0935,0.4187,False
9005,17,83,23.8247,0.287,True
9120,4,33,7.6359,0.2314,False
9050,25,153,68.3844,0.447,True
9013,106,30,10.411,0.347,False
9038,50,293,136.9839,0.4675,True
9064,44,12,1.799,0.1499,True
9150,4,26,1.981,0.0762,True
9021,82,16,2.6169,0.1636,False
9065,45,6,0.7559,0.126,False
9003,70,46,10.5766,0.2299,False
9004,35,57,5.9416,0.1042,True
9050,2,8,5.6126,0.7016,False
9079,65,24,15.3299,0.6387,True
9038,27,42,3.9738,0.0946,True
9050,38,39,10.0137,0.2568,True
9020,15,12,0.4074,0.0339,True
9018,54,29,3.3507,0.1155,True
9021,59,77,44.4172,0.5768,True
9096,10,41,5.4375,0.1326,True
9018,90,11,5.0904,0.4628,False
9064,57,116,47.9412,0.4133,True
9065,22,23,5.6725,0.2466,False
9002,82,20,3.0868,0.1543,True
9003,47,11,3.0802,0.28,False
9021,95,31,10.496,0.3386,False
9079,42,6,0.6476,0.1079,True
9038,4,13,1.6452,0.1266,False
9004,48,38,16.2756,0.4283,False
9050,15,101,55.9673,0.5541,True
9036,80,5,0.4688,0.0938,False
9048,54,20,0.7049,0.0352,True
9013,96,92,18.932,0.2058,True
9038,40,45,17.8682,0.3971,True
9079,78,5,0.5474,0.1095,False
9126,9,8,2.9108,0.3638,False
9018,67,17,4.6751,0.275,False
9064,34,32,5.8632,0.1832,False
9011,28,32,4.7328,0.1479,True
9002,59,17,1.4582,0.0858,False
9021,72,187,88.5491,0.4735,True
9078,54,41,19.4752,0.475,True
9003,60,39,2.2573,0.0579,False
9004,25,10,0.8767,0.0877,False
9044,61,114,29.0858,0.2551,True
9063,74,9,2.4054,0.2673,False
9013,73,83,29.2262,0.3521,True
9038,17,104,47.696,0.4586,True
9040,63,19,4.1509,0.2185,False
9020,5,18,17.9954,0.9997,False
9018,44,15,4.8982,0.3265,False
9064,11,9,3.2371,0.3597,False
9124,62,146,134.3001,0.9199,True
9021,49,54,17.4968,0.324,True
9074,61,76,28.7475,0.3783,True
9020,90,69,25.9131,0.3756,False
9064,47,21,5.0529,0.2406,True
9065,12,37,12.8242,0.3466,True
9097,44,5,0.6527,0.1305,False
9002,72,6,0.498,0.083,False
9004,2,13,0.3742,0.0288,False
9078,67,17,16.7267,0.9839,True
9079,32,14,4.1202,0.2943,False
9004,38,43,17.1874,0.3997,True
9050,5,7,0.2841,0.0406,False
9036,70,10,1.6405,0.1641,True
9040,40,17,5.8469,0.3439,False
9120,69,15,2.1974,0.1465,True
9124,39,63,33.7754,0.5361,True
9040,76,52,26.9444,0.5182,False
9018,57,42,6.5824,0.1567,True
9064,24,125,58.2271,0.4658,True
9011,18,14,2.5004,0.1786,True
9002,49,12,6.3687,0.5307,True
9003,14,6,0.4874,0.0812,False
9021,62,69,15.5229,0.225,True
9074,74,14,0.8581,0.0613,True
9078,44,18,18.3133,1.0174,False
9079,9,131,124.168,0.9478,True
9003,50,14,1.444,0.1031,False
9004,15,5,8.3005,1.6601,False
9063,64,10,3.5384,0.3538,False
9036,47,13,4.7591,0.3661,False
9150,69,22,4.1062,0.1866,True
9048,21,154,91.3866,0.5934,True
9013,63,50,19.7918,0.3958,False
9038,7,97,44.6529,0.4603,True
9005,59,12,2.9897,0.2491,False
9079,45,17,2.9358,0.1727,False
9036,83,135,23.2727,0.1724,True
9048,57,13,0.1807,0.0139,False
9064,1,21,5.924,0.2821,True
9124,52,117,140.1084,1.1975,True
9002,26,84,39.1254,0.4658,True
9021,39,7,0.4418,0.0631,False
9074,51,8,1.1721,0.1465,False
9065,2,152,127.579,0.8393,True
9078,21,132,79.7395,0.6041,True
9002,62,18,3.513,0.1952,True
9003,27,10,0.3568,0.0357,True
9150,46,20,4.6531,0.2327,True
9142,42,23,2.7175,0.1182,True
9078,57,157,93.1062,0.593,True
9025,51,76,10.3734,0.1365,True
9044,64,101,51.5618,0.5105,True
9036,60,91,37.2362,0.4092,True
9142,78,11,1.611,0.1465,False
9005,72,37,4.7606,0.1287,True
9120,59,105,51.5776,0.4912,True
9021,16,20,3.4682,0.1734,False
9074,28,201,164.7599,0.8197,True
9064,14,24,7.7851,0.3244,True
9097,11,6,5.7462,0.9577,False
9063,18,5,0.5315,0.1063,False
9074,64,22,6.4484,0.2931,True
9004,5,6,0.4974,0.0829,False
9044,41,48,7.5646,0.1576,True
9063,54,106,64.3661,0.6072,True
9036,37,7,5.224,0.7463,False
9142,55,30,4.422,0.1474,False
9048,11,9,0.4715,0.0524,True
9013,53,13,1.3383,0.1029,False
9005,49,9,0.2281,0.0253,False
9120,36,12,2.7626,0.2302,True
9004,90,14,1.5378,0.1098,True
9101,22,35,2.4856,0.071,True
9093,18,10,1.6067,0.1607,False
9002,16,139,62.7333,0.4513,True
9021,29,15,9.6914,0.6461,True
9074,41,32,4.5503,0.1422,False
9020,70,5,0.7046,0.1409,False
9003,17,12,0.2246,0.0187,True
9044,18,101,56.0247,0.5547,True
9063,31,26,7.0914,0.2727,True
9036,14,33,16.5502,0.5015,True
9150,36,51,5.1085,0.1002,True
9142,32,21,9.9753,0.475,False
9126,87,7,2.2396,0.3199,False
9079,12,13,1.6077,0.1237,False
9120,13,48,9.8341,0.2049,True
9065,77,6,0.2534,0.0422,False
9025,41,31,4.1464,0.1338,True
9036,50,12,11.3999,0.95,True
9040,20,47,38.6772,0.8229,True
9013,66,148,51.6588,0.349,True
9005,62,96,35.6167,0.371,True
9120,49,20,4.3442,0.2172,True
9124,19,26,0.8211,0.0316,False
9021,6,5,0.6812,0.1362,False
9074,18,13,1.633,0.1256,True
9093,31,18,0.8995,0.05,False
9020,47,19,5.2584,0.2768,False
9097,1,49,16.8204,0.3433,True
9002,29,59,16.707,0.2832,True
9063,8,18,6.0369,0.3354,True
9150,13,57,18.0578,0.3168,True
9020,83,6,1.0911,0.1819,False
9064,89,33,4.8641,0.1474,True
9044,31,17,1.4188,0.0835,True
9036,27,39,12.6488,0.3243,True
9150,49,56,23.8668,0.4262,True
9142,45,26,5.7311,0.2204,True
9048,1,40,1.4663,0.0367,True
9005,39,99,56.5509,0.5712,True
9120,26,6,1.0175,0.1696,False
9050,47,95,11.885,0.1251,True
9101,12,190,18.4448,0.0971,True
9002,6,11,2.8621,0.2602,True
9074,31,8,0.2256,0.0282,False
9020,60,27,4.0101,0.1485,True
9126,41,9,3.6332,0.4037,False
9078,1,30,3.088,0.1029,True
9018,99,38,8.125,0.2138,False
9097,14,81,80.5456,0.9944,True
9044,8,41,13.3862,0.3265,True
9063,21,18,9.9415,0.5523,True
9150,26,47,2.6115,0.0556,False
9036,4,7,0.6014,0.0859,False
9096,55,7,0.1715,0.0245,False
9142,22,37,12.0776,0.3264,True
9005,16,11,0.1488,0.0135,False
9120,3,26,4.0888,0.1573,True
9025,31,17,2.0519,0.1207,False
9065,67,14,2.6777,0.1913,True
9038,49,134,63.1924,0.4716,True
9004,93,24,3.4997,0.1458,True
9050,60,32,9.1479,0.2859,True
9101,25,5,1.2765,0.2553,False
9020,37,49,8.9898,0.1835,True
9078,14,44,7.0411,0.16,True
9018,112,18,2.5505,0.1417,False
9118,50,36,8.0439,0.2234,False
9011,73,10,1.7542,0.1754,True
9036,17,16,5.2915,0.3307,False
9142,35,14,4.4561,0.3183,False
9120,16,15,1.482,0.0988,True
9004,70,32,10.5471,0.3296,True
9074,21,10,3.6237,0.3624,False
9063,11,9,2.4089,0.2677,False
9150,16,70,31.4583,0.4494,False
9096,45,100,22.1092,0.2211,True
9142,12,111,44.6298,0.4021,True
9005,6,42,4.4395,0.1057,True
9065,57,15,3.3948,0.2263,True
9011,86,52,40.8065,0.7847,True
9050,14,24,1.2573,0.0524,False
9038,39,143,64.9967,0.4545,True
9079,77,105,57.5212,0.5478,True
9004,83,29,7.2551,0.2502,True
9050,50,13,5.172,0.3978,False
9013,131,79,16.2487,0.2057,False
9096,22,12,3.4528,0.2877,False
9126,44,81,17.4144,0.215,False
9064,69,103,49.0251,0.476,True
9065,34,54,47.7723,0.8847,True
9003,59,26,3.767,0.1449,False
9005,19,5,0.2906,0.0581,False
9038,16,23,0.4001,0.0174,False
9004,60,25,5.9199,0.2368,False
9050,27,8,1.9504,0.2438,False
9038,52,5,0.1523,0.0305,False
9118,17,57,27.0397,0.4744,True
9018,79,33,8.0048,0.2426,True
9064,46,57,42.662,0.7485,True
9065,11,100,36.8645,0.3686,True
9011,40,126,33.2809,0.2641,True
9021,84,40,3.5217,0.088,True
9065,47,48,7.99,0.1665,True
9078,66,64,15.3304,0.2395,True
9011,76,31,2.6614,0.0859,False
9003,72,102,15.3006,0.15,True
9004,37,5,0.0415,0.0083,False
9050,4,42,15.0165,0.3575,False
9079,67,40,13.9758,0.3494,True
9038,29,25,8.2297,0.3292,True
9013,121,52,4.459,0.0858,False
9020,17,37,32.1516,0.869,True
9018,56,52,10.7909,0.2075,True
9096,12,59,6.7075,0.1137,True
9064,59,8,0.4992,0.0624,True
9065,24,29,17.2834,0.596,True
9011,53,78,26.4052,0.3385,True
9003,49,6,0.5683,0.0947,False
9038,6,34,6.0621,0.1783,True
9079,44,33,6.7365,0.2041,False
9025,73,204,42.144,0.2066,True
9036,82,72,31.9087,0.4432,True
9048,56,210,132.6884,0.6318,True
9040,52,30,8.0233,0.2674,False
9040,88,39,9.2351,0.2368,True
9126,11,47,17.9242,0.3814,True
9018,69,45,6.9507,0.1545,True
9064,36,27,1.3062,0.0484,True
9065,1,40,17.5152,0.4379,True
9002,61,21,1.0899,0.0519,True
9003,26,67,58.5178,0.8734,True
9021,74,6,0.64,0.1067,False
9078,56,61,34.6116,0.5674,True
9003,62,22,6.5871,0.2994,False
9044,63,50,41.53,0.8306,True
9063,76,29,25.6109,0.8831,True
9036,59,6,0.6882,0.1147,False
9013,75,12,4.74,0.395,False
9038,19,99,100.4854,1.015,True
9005,71,24,2.3916,0.0997,True
9079,57,24,1.5896,0.0662,True
9018,46,9,1.8646,0.2072,False
9064,13,8,5.5639,0.6955,True
9074,63,12,0.2979,0.0248,False
9065,14,9,0.4908,0.0545,False
9011,43,26,5.7282,0.2203,True
9004,4,18,4.5136,0.2508,False
9063,53,15,3.5102,0.234,True
9150,58,46,19.7751,0.4299,True
9078,69,12,1.1944,0.0995,True
9079,34,7,0.7732,0.1105,False
9036,72,86,12.4118,0.1443,True
9048,46,5,0.1466,0.0293,True
9013,88,19,3.6685,0.1931,False
9120,71,18,3.3301,0.185,True
9124,41,28,65.9951,2.357,False
9021,28,19,3.0101,0.1584,False
9018,59,8,0.2335,0.0292,False
9064,26,9,5.7018,0.6335,False
9002,51,14,4.2071,0.3005,True
9021,64,17,5.3414,0.3142,False
9078,46,14,0.7216,0.0515,False
9079,11,6,0.3259,0.0543,False
9044,53,7,4.1112,0.5873,False
9036,49,35,21.2261,0.6065,True
9142,67,111,28.5857,0.2575,True
9048,23,92,39.827,0.4329,True
9005,61,64,33.6729,0.5261,True
9025,76,121,14.7454,0.1219,True
9124,18,49,28.1315,0.5741,True
9040,55,73,21.6278,0.2963,True
9101,34,28,1.6277,0.0581,True
9018,36,42,24.6585,0.5871,True
9064,3,63,34.7671,0.5519,True
9021,41,11,2.776,0.2524,False
9074,53,75,21.3163,0.2842,True
9020,82,80,30.9243,0.3866,False
9078,23,23,6.1041,0.2654,True
9044,30,60,30.0594,0.501,True
9063,43,11,1.7078,0.1553,False
9150,48,26,6.8017,0.2616,True
9142,44,12,1.6884,0.1407,False
9078,59,6,0.1904,0.0317,False
9079,24,14,2.3729,0.1695,True
9120,25,65,17.9885,0.2767,False
9044,66,27,9.1069,0.3373,True
9036,62,38,7.9486,0.2092,True
9142,80,32,10.2143,0.3192,True
9005,74,7,4.2684,0.6098,False
9120,61,6,2.5164,0.4194,False
9002,5,45,24.306,0.5401,True
9021,18,6,2.1539,0.359,False
9074,30,75,28.2779,0.377,True
9020,59,132,82.8695,0.6278,True
9097,13,22,6.8514,0.3114,False
9003,6,26,21.5862,0.8302,True
9063,20,15,4.6166,0.3078,True
9150,25,63,16.0678,0.255,True
9074,66,28,5.7117,0.204,True
9078,36,6,2.6225,0.4371,False
9044,43,145,71.0975,0.4903,True
9063,56,26,14.4099,0.5542,True
9142,57,91,22.6358,0.2487,True
9048,13,60,49.0564,0.8176,True
9013,55,29,1.3122,0.0452,True
9120,38,30,9.299,0.31,True
9004,92,10,1.6405,0.1641,True
9050,59,16,2.263,0.1414,False
9124,8,41,9.112,0.2222,False
9101,24,70,35.2899,0.5041,True
9093,20,20,12.3651,0.6183,True
9018,26,12,1.8202,0.1517,False
9002,18,20,5.0469,0.2523,True
9020,72,27,5.7481,0.2129,True
9126,53,44,16.7749,0.3812,True
9078,13,44,13.1471,0.2988,True
9097,26,14,2.0603,0.1472,False
9025,7,38,12.2436,0.3222,True
9044,20,19,3.9172,0.2062,True
9063,33,20,6.6101,0.3305,False
9150,38,12,2.4759,0.2063,False
9142,34,101,69.3219,0.6864,True
9126,89,189,126.705,0.6704,True
9013,32,130,47.8106,0.3678,True
9079,14,24,5.1698,0.2154,True
9065,79,46,31.1933,0.6781,True
9025,43,101,59.5549,0.5897,False
9048,26,43,6.5598,0.1526,True
9101,1,52,44.0046,0.8462,True
9005,64,12,1.9738,0.1645,False
9124,21,36,1.7652,0.049,False
9074,20,9,0.5575,0.0619,False
9063,10,19,2.8832,0.1517,True
9150,15,18,7.7491,0.4305,False
9096,44,17,5.1334,0.302,False
9142,11,33,1.7941,0.0544,False
9078,26,77,50.5924,0.657,True
9065,56,10,0.6741,0.0674,True
9025,20,42,8.5083,0.2026,True
9048,3,30,4.9144,0.1638,True
9120,28,32,12.0444,0.3764,True
9004,82,5,0.4224,0.0845,False
9050,49,8,0.6557,0.082,False
9101,14,5,0.0749,0.015,False
9020,26,49,7.0064,0.143,True
9002,8,14,1.5914,0.1137,False
9074,33,13,7.8115,0.6009,False
9020,62,53,27.9596,0.5275,True
9126,43,65,27.9222,0.4296,True
9078,3,49,23.6729,0.4831,True
9018,101,24,7.3609,0.3067,True
9097,16,31,8.5331,0.2753,True
9118,39,40,2.5817,0.0645,True
9044,10,18,4.6316,0.2573,True
9063,23,15,0.5004,0.0334,False
9150,28,44,15.2444,0.3465,True
9142,24,61,14.7758,0.2422,True
9005,18,26,10.3251,0.3971,False
9120,5,6,0.5941,0.099,False
9065,69,30,7.2734,0.2424,True
9050,26,45,37.5104,0.8336,True
9038,51,18,0.3883,0.0216,True
9004,95,5,0.9676,0.1935,False
9093,23,130,46.328,0.3564,True
9150,5,8,1.117,0.1396,False
9142,1,74,22.0933,0.2986,True
9118,52,141,75.5615,0.5359,True
9065,46,9,0.3747,0.0416,False
9036,19,40,19.3299,0.4832,False
9003,71,11,2.5321,0.2302,False
9120,18,6,2.2037,0.3673,True
9038,28,7,1.4111,0.2016,False
9050,39,36,10.8002,0.3,True
9101,4,17,0.8032,0.0472,True
9096,11,14,1.5454,0.1104,True
9064,58,9,1.1186,0.1243,True
9065,23,20,3.6669,0.1833,True
9002,83,9,0.3825,0.0425,True
9021,96,20,2.2506,0.1125,True
9096,47,109,23.4134,0.2148,False
9142,14,11,3.7303,0.3391,True
9005,8,13,3.9806,0.3062,True
9065,59,6,0.4866,0.0811,False
9011,88,52,7.9022,0.152,False
9038,41,186,47.3737,0.2547,True
9079,79,16,5.1059,0.3191,True
9020,29,23,7.6397,0.3322,True
